{
    "all_accuracy": [
        0.7333333333333333,
        0.9833333333333333,
        0.9666666666666667,
        0.9333333333333333,
        0.9916666666666667
    ],
    "all_macro_precision": [
        0.7643732296510074,
        0.9903381642512077,
        0.9792270531400966,
        0.9547311088177961,
        0.9951690821256037
    ],
    "all_macro_recall": [
        0.724956330219488,
        0.9828042328042328,
        0.9611111111111111,
        0.9264309764309764,
        0.9898989898989901
    ],
    "all_macro_f1": [
        0.7161311477918321,
        0.9860033507376502,
        0.9687432998014549,
        0.9362180961825446,
        0.9922398589065256
    ],
    "mean_accuracy": 0.9216666666666665,
    "std_accuracy": 0.09626352718795769,
    "mean_macro_precision": 0.9367677275971424,
    "std_macro_precision": 0.08732221963121105,
    "mean_macro_recall": 0.9170403280929598,
    "std_macro_recall": 0.09854943550740011,
    "mean_macro_f1": 0.9198671506840015,
    "std_macro_f1": 0.10370766230006806
}