{
    "all_accuracy": [
        0.635,
        0.665,
        0.7,
        0.65,
        0.68
    ],
    "all_macro_precision": [
        0.6611442072463577,
        0.7083291228949492,
        0.7312147007344052,
        0.6743327196915015,
        0.6822873930717068
    ],
    "all_macro_recall": [
        0.6493979330666322,
        0.6496149188207865,
        0.7068912165056507,
        0.6563229170641851,
        0.7206259111831868
    ],
    "all_macro_f1": [
        0.6530345217753273,
        0.6666205671738428,
        0.7170661481791637,
        0.6603770188672462,
        0.6954024106343902
    ],
    "mean_accuracy": 0.666,
    "std_accuracy": 0.022671568097509257,
    "mean_macro_precision": 0.6914616287277842,
    "std_macro_precision": 0.02514570048088495,
    "mean_macro_recall": 0.6765705793280882,
    "std_macro_recall": 0.03077382481624426,
    "mean_macro_f1": 0.678500133325994,
    "std_macro_f1": 0.024046177330970895
}