{
    "all_accuracy": [
        0.7,
        0.66,
        0.66,
        0.675,
        0.695
    ],
    "all_macro_precision": [
        0.822892049145987,
        0.7977681138411732,
        0.7619033471974649,
        0.7883471388300186,
        0.8263431112893478
    ],
    "all_macro_recall": [
        0.6447909945369295,
        0.587165258302676,
        0.6094705316757075,
        0.6215715026653247,
        0.6480082968860059
    ],
    "all_macro_f1": [
        0.6669022289044536,
        0.617439286725761,
        0.6429332007107241,
        0.6487307970317316,
        0.6819537587625604
    ],
    "mean_accuracy": 0.678,
    "std_accuracy": 0.01691153452528773,
    "mean_macro_precision": 0.7994507520607982,
    "std_macro_precision": 0.023700727853976932,
    "mean_macro_recall": 0.6222013168133287,
    "std_macro_recall": 0.022655192394552236,
    "mean_macro_f1": 0.6515918544270461,
    "std_macro_f1": 0.021935398859864366
}