{
    "all_accuracy": [
        0.65,
        0.685,
        0.7,
        0.61,
        0.665
    ],
    "all_macro_precision": [
        0.745673205506579,
        0.7055580825508362,
        0.785182990267736,
        0.7263592796868922,
        0.7448428449494449
    ],
    "all_macro_recall": [
        0.6437618832537532,
        0.6676184029222457,
        0.6923227919912657,
        0.6288137399700173,
        0.6661896776254361
    ],
    "all_macro_f1": [
        0.6518881549368145,
        0.6762469405851758,
        0.7140321635121853,
        0.6338235207001107,
        0.6852992784999337
    ],
    "mean_accuracy": 0.662,
    "std_accuracy": 0.03108054053584011,
    "mean_macro_precision": 0.7415232805922977,
    "std_macro_precision": 0.02629773384487591,
    "mean_macro_recall": 0.6597412991525436,
    "std_macro_recall": 0.021803851374393463,
    "mean_macro_f1": 0.672258011646844,
    "std_macro_f1": 0.027652150426318797
}