{
    "all_accuracy": [
        0.845,
        0.77,
        0.81,
        0.8,
        0.815
    ],
    "all_macro_precision": [
        0.8502357324287149,
        0.7963677551210213,
        0.8174277124664121,
        0.8106082410326892,
        0.811261721594539
    ],
    "all_macro_recall": [
        0.8457057362240289,
        0.7397193208127408,
        0.8221961303190095,
        0.7924884456890776,
        0.8353012842563925
    ],
    "all_macro_f1": [
        0.8448294573464505,
        0.747905518882897,
        0.8176084711981378,
        0.7979597444532607,
        0.8205208408411057
    ],
    "mean_accuracy": 0.8079999999999998,
    "std_accuracy": 0.02420743687382039,
    "mean_macro_precision": 0.8171802325286753,
    "std_macro_precision": 0.017911484470618334,
    "mean_macro_recall": 0.80708218346025,
    "std_macro_recall": 0.03812416638744931,
    "mean_macro_f1": 0.8057648065443702,
    "std_macro_f1": 0.03253513806894015
}