{
    "all_accuracy": [
        0.81,
        0.775,
        0.865,
        0.815,
        0.785
    ],
    "all_macro_precision": [
        0.8297813456566316,
        0.8169037864769865,
        0.8835484068671203,
        0.8393945586786561,
        0.7925077055685708
    ],
    "all_macro_recall": [
        0.803433991482772,
        0.7494299434222412,
        0.875526940219681,
        0.8133119415401351,
        0.8030656707127295
    ],
    "all_macro_f1": [
        0.8053433805368196,
        0.7674716659782566,
        0.8777447541390555,
        0.8230465667372688,
        0.7930799521811246
    ],
    "mean_accuracy": 0.8099999999999999,
    "std_accuracy": 0.03130495168499704,
    "mean_macro_precision": 0.832427160649593,
    "std_macro_precision": 0.03001154720028251,
    "mean_macro_recall": 0.8089536974755116,
    "std_macro_recall": 0.04014773779629601,
    "mean_macro_f1": 0.8133372639145049,
    "std_macro_f1": 0.036933749559173334
}