{
    "all_accuracy": [
        0.73,
        0.67,
        0.67,
        0.685,
        0.68
    ],
    "all_macro_precision": [
        0.8497920395180669,
        0.8322672803266411,
        0.7633830854761087,
        0.7941379222629222,
        0.7886637114897985
    ],
    "all_macro_recall": [
        0.6771400610831505,
        0.5910915691843474,
        0.6295586924570649,
        0.6396079495932614,
        0.6335786361328156
    ],
    "all_macro_f1": [
        0.7058818664940625,
        0.6194223364723145,
        0.6577658001648785,
        0.6690985618505221,
        0.66335880854324
    ],
    "mean_accuracy": 0.687,
    "std_accuracy": 0.022271057451320065,
    "mean_macro_precision": 0.8056488078147075,
    "std_macro_precision": 0.031191515680522194,
    "mean_macro_recall": 0.6341953816901279,
    "std_macro_recall": 0.027398391537225255,
    "mean_macro_f1": 0.6631054747050035,
    "std_macro_f1": 0.02757727200471114
}