{
    "all_accuracy": [
        0.83,
        0.755,
        0.78,
        0.81,
        0.83
    ],
    "all_macro_precision": [
        0.8415772861851294,
        0.7893875438870385,
        0.7849508606861547,
        0.8291409603291923,
        0.8273845830313725
    ],
    "all_macro_recall": [
        0.8299170860756226,
        0.738082350184404,
        0.7914309743571581,
        0.810841181306217,
        0.8440859092174882
    ],
    "all_macro_f1": [
        0.8307879689158606,
        0.7410224643274784,
        0.784726350785532,
        0.8150176786257024,
        0.8312957821718865
    ],
    "mean_accuracy": 0.8009999999999999,
    "std_accuracy": 0.02939387691339812,
    "mean_macro_precision": 0.8144882468237775,
    "std_macro_precision": 0.02287940568254959,
    "mean_macro_recall": 0.802871500228178,
    "std_macro_recall": 0.03693812836150584,
    "mean_macro_f1": 0.800570048965292,
    "std_macro_f1": 0.03424285320540643
}