{
    "0": {
        "precision": 0.658307210031348,
        "recall": 0.7216494845360825,
        "f1-score": 0.6885245901639344,
        "support": 291
    },
    "1": {
        "precision": 0.6928571428571428,
        "recall": 0.697841726618705,
        "f1-score": 0.6953405017921147,
        "support": 278
    },
    "2": {
        "precision": 0.5402298850574713,
        "recall": 0.5875,
        "f1-score": 0.562874251497006,
        "support": 240
    },
    "3": {
        "precision": 0.7168674698795181,
        "recall": 0.6538461538461539,
        "f1-score": 0.6839080459770116,
        "support": 364
    },
    "4": {
        "precision": 0.66,
        "recall": 0.6875,
        "f1-score": 0.673469387755102,
        "support": 240
    },
    "5": {
        "precision": 0.6046511627906976,
        "recall": 0.5508474576271186,
        "f1-score": 0.5764966740576496,
        "support": 236
    },
    "6": {
        "precision": 0.5067340067340067,
        "recall": 0.49263502454991814,
        "f1-score": 0.49958506224066385,
        "support": 611
    },
    "7": {
        "precision": 0.6507936507936508,
        "recall": 0.629156010230179,
        "f1-score": 0.6397919375812744,
        "support": 391
    },
    "8": {
        "precision": 0.4393530997304582,
        "recall": 0.4670487106017192,
        "f1-score": 0.45277777777777783,
        "support": 349
    },
    "accuracy": 0.596,
    "macro avg": {
        "precision": 0.6077548475415882,
        "recall": 0.6097805075566529,
        "f1-score": 0.6080853587602815,
        "support": 3000
    },
    "weighted avg": {
        "precision": 0.5977611056942252,
        "recall": 0.596,
        "f1-score": 0.5962693658458083,
        "support": 3000
    }
}