{
    "0": {
        "precision": 0.902542372881356,
        "recall": 0.7319587628865979,
        "f1-score": 0.8083491461100568,
        "support": 291
    },
    "1": {
        "precision": 0.8143939393939394,
        "recall": 0.7733812949640287,
        "f1-score": 0.7933579335793358,
        "support": 278
    },
    "2": {
        "precision": 0.7692307692307693,
        "recall": 0.4166666666666667,
        "f1-score": 0.5405405405405406,
        "support": 240
    },
    "3": {
        "precision": 0.7520215633423181,
        "recall": 0.7664835164835165,
        "f1-score": 0.7591836734693879,
        "support": 364
    },
    "4": {
        "precision": 0.9272727272727272,
        "recall": 0.6375,
        "f1-score": 0.7555555555555555,
        "support": 240
    },
    "5": {
        "precision": 0.8361581920903954,
        "recall": 0.6271186440677966,
        "f1-score": 0.7167070217917675,
        "support": 236
    },
    "6": {
        "precision": 0.5580110497237569,
        "recall": 0.8265139116202946,
        "f1-score": 0.6662269129287599,
        "support": 611
    },
    "7": {
        "precision": 0.5817223198594025,
        "recall": 0.8465473145780051,
        "f1-score": 0.6895833333333333,
        "support": 391
    },
    "8": {
        "precision": 0.7213114754098361,
        "recall": 0.37822349570200575,
        "f1-score": 0.4962406015037594,
        "support": 349
    },
    "accuracy": 0.692,
    "macro avg": {
        "precision": 0.7625182676893889,
        "recall": 0.667154845218768,
        "f1-score": 0.6917494132013885,
        "support": 3000
    },
    "weighted avg": {
        "precision": 0.7291357501916802,
        "recall": 0.692,
        "f1-score": 0.6874038604864923,
        "support": 3000
    }
}