{
    "0": {
        "precision": 0.7844827586206896,
        "recall": 0.3127147766323024,
        "f1-score": 0.4471744471744471,
        "support": 291
    },
    "1": {
        "precision": 0.7678571428571429,
        "recall": 0.6187050359712231,
        "f1-score": 0.6852589641434264,
        "support": 278
    },
    "2": {
        "precision": 0.2286282306163022,
        "recall": 0.4791666666666667,
        "f1-score": 0.30955585464333785,
        "support": 240
    },
    "3": {
        "precision": 0.5792079207920792,
        "recall": 0.32142857142857145,
        "f1-score": 0.4134275618374558,
        "support": 364
    },
    "4": {
        "precision": 0.7978723404255319,
        "recall": 0.625,
        "f1-score": 0.7009345794392524,
        "support": 240
    },
    "5": {
        "precision": 0.6739130434782609,
        "recall": 0.13135593220338984,
        "f1-score": 0.2198581560283688,
        "support": 236
    },
    "6": {
        "precision": 0.5163297045101088,
        "recall": 0.5433715220949263,
        "f1-score": 0.529505582137161,
        "support": 611
    },
    "7": {
        "precision": 0.2587991718426501,
        "recall": 0.639386189258312,
        "f1-score": 0.36845983787767134,
        "support": 391
    },
    "8": {
        "precision": 0.5446428571428571,
        "recall": 0.17478510028653296,
        "f1-score": 0.2646420824295011,
        "support": 349
    },
    "accuracy": 0.43966666666666665,
    "macro avg": {
        "precision": 0.5724147966984025,
        "recall": 0.42732375494910274,
        "f1-score": 0.4376463406345135,
        "support": 3000
    },
    "weighted avg": {
        "precision": 0.5549107832470476,
        "recall": 0.43966666666666665,
        "f1-score": 0.4418258039116193,
        "support": 3000
    }
}