{
    "0": {
        "precision": 0.8419354838709677,
        "recall": 0.8969072164948454,
        "f1-score": 0.8685524126455907,
        "support": 291
    },
    "1": {
        "precision": 0.8162544169611308,
        "recall": 0.8309352517985612,
        "f1-score": 0.8235294117647058,
        "support": 278
    },
    "2": {
        "precision": 0.6820276497695853,
        "recall": 0.6166666666666667,
        "f1-score": 0.6477024070021882,
        "support": 240
    },
    "3": {
        "precision": 0.8433048433048433,
        "recall": 0.8131868131868132,
        "f1-score": 0.827972027972028,
        "support": 364
    },
    "4": {
        "precision": 0.8,
        "recall": 0.7833333333333333,
        "f1-score": 0.791578947368421,
        "support": 240
    },
    "5": {
        "precision": 0.7932489451476793,
        "recall": 0.7966101694915254,
        "f1-score": 0.7949260042283298,
        "support": 236
    },
    "6": {
        "precision": 0.6697819314641744,
        "recall": 0.7037643207855974,
        "f1-score": 0.6863527533918594,
        "support": 611
    },
    "7": {
        "precision": 0.7222222222222222,
        "recall": 0.7647058823529411,
        "f1-score": 0.7428571428571428,
        "support": 391
    },
    "8": {
        "precision": 0.6366559485530546,
        "recall": 0.5673352435530086,
        "f1-score": 0.5999999999999999,
        "support": 349
    },
    "accuracy": 0.7463333333333333,
    "macro avg": {
        "precision": 0.7561590490326285,
        "recall": 0.7526049886292547,
        "f1-score": 0.753719011914474,
        "support": 3000
    },
    "weighted avg": {
        "precision": 0.7451989595808924,
        "recall": 0.7463333333333333,
        "f1-score": 0.7451068279862247,
        "support": 3000
    }
}