{
    "0": {
        "precision": 0.8701754385964913,
        "recall": 0.852233676975945,
        "f1-score": 0.861111111111111,
        "support": 291
    },
    "1": {
        "precision": 0.8321167883211679,
        "recall": 0.8201438848920863,
        "f1-score": 0.8260869565217392,
        "support": 278
    },
    "2": {
        "precision": 0.6774193548387096,
        "recall": 0.6125,
        "f1-score": 0.6433260393873085,
        "support": 240
    },
    "3": {
        "precision": 0.7972602739726027,
        "recall": 0.7994505494505495,
        "f1-score": 0.7983539094650205,
        "support": 364
    },
    "4": {
        "precision": 0.8181818181818182,
        "recall": 0.75,
        "f1-score": 0.7826086956521738,
        "support": 240
    },
    "5": {
        "precision": 0.7890295358649789,
        "recall": 0.7923728813559322,
        "f1-score": 0.7906976744186046,
        "support": 236
    },
    "6": {
        "precision": 0.6445497630331753,
        "recall": 0.6677577741407529,
        "f1-score": 0.6559485530546625,
        "support": 611
    },
    "7": {
        "precision": 0.6939252336448598,
        "recall": 0.7595907928388747,
        "f1-score": 0.7252747252747253,
        "support": 391
    },
    "8": {
        "precision": 0.5865102639296188,
        "recall": 0.5730659025787965,
        "f1-score": 0.5797101449275361,
        "support": 349
    },
    "accuracy": 0.7286666666666667,
    "macro avg": {
        "precision": 0.745463163375936,
        "recall": 0.7363461624703264,
        "f1-score": 0.7403464233125425,
        "support": 3000
    },
    "weighted avg": {
        "precision": 0.7299147550599334,
        "recall": 0.7286666666666667,
        "f1-score": 0.7287837139808124,
        "support": 3000
    }
}