{
    "0": {
        "precision": 0.915929203539823,
        "recall": 0.711340206185567,
        "f1-score": 0.8007736943907157,
        "support": 291
    },
    "1": {
        "precision": 0.8143939393939394,
        "recall": 0.7733812949640287,
        "f1-score": 0.7933579335793358,
        "support": 278
    },
    "2": {
        "precision": 0.8032786885245902,
        "recall": 0.4083333333333333,
        "f1-score": 0.5414364640883977,
        "support": 240
    },
    "3": {
        "precision": 0.7534246575342466,
        "recall": 0.7554945054945055,
        "f1-score": 0.7544581618655692,
        "support": 364
    },
    "4": {
        "precision": 0.9325153374233128,
        "recall": 0.6333333333333333,
        "f1-score": 0.7543424317617866,
        "support": 240
    },
    "5": {
        "precision": 0.8606060606060606,
        "recall": 0.6016949152542372,
        "f1-score": 0.7082294264339152,
        "support": 236
    },
    "6": {
        "precision": 0.5487674169346195,
        "recall": 0.8379705400981997,
        "f1-score": 0.6632124352331606,
        "support": 611
    },
    "7": {
        "precision": 0.5702199661590525,
        "recall": 0.8618925831202046,
        "f1-score": 0.6863543788187373,
        "support": 391
    },
    "8": {
        "precision": 0.7076023391812866,
        "recall": 0.3467048710601719,
        "f1-score": 0.46538461538461534,
        "support": 349
    },
    "accuracy": 0.6863333333333334,
    "macro avg": {
        "precision": 0.7674152899218812,
        "recall": 0.6589050647603979,
        "f1-score": 0.6852832823951371,
        "support": 3000
    },
    "weighted avg": {
        "precision": 0.7306944000480359,
        "recall": 0.6863333333333334,
        "f1-score": 0.6807790306596958,
        "support": 3000
    }
}