{
    "0": {
        "precision": 0.8480565371024735,
        "recall": 0.8247422680412371,
        "f1-score": 0.8362369337979094,
        "support": 291
    },
    "1": {
        "precision": 0.8095238095238095,
        "recall": 0.7949640287769785,
        "f1-score": 0.8021778584392014,
        "support": 278
    },
    "2": {
        "precision": 0.6150442477876106,
        "recall": 0.5791666666666667,
        "f1-score": 0.5965665236051503,
        "support": 240
    },
    "3": {
        "precision": 0.7277486910994765,
        "recall": 0.7637362637362637,
        "f1-score": 0.7453083109919572,
        "support": 364
    },
    "4": {
        "precision": 0.9016393442622951,
        "recall": 0.6875,
        "f1-score": 0.7801418439716312,
        "support": 240
    },
    "5": {
        "precision": 0.8067632850241546,
        "recall": 0.7076271186440678,
        "f1-score": 0.7539503386004515,
        "support": 236
    },
    "6": {
        "precision": 0.6006144393241167,
        "recall": 0.6399345335515548,
        "f1-score": 0.6196513470681457,
        "support": 611
    },
    "7": {
        "precision": 0.6438356164383562,
        "recall": 0.7212276214833759,
        "f1-score": 0.6803377563329313,
        "support": 391
    },
    "8": {
        "precision": 0.5658263305322129,
        "recall": 0.5787965616045845,
        "f1-score": 0.5722379603399433,
        "support": 349
    },
    "accuracy": 0.695,
    "macro avg": {
        "precision": 0.7243391445660561,
        "recall": 0.6997438958338589,
        "f1-score": 0.7096232081274801,
        "support": 3000
    },
    "weighted avg": {
        "precision": 0.7024404433575003,
        "recall": 0.695,
        "f1-score": 0.6967716632179831,
        "support": 3000
    }
}