{
    "0": {
        "precision": 0.8322368421052632,
        "recall": 0.8694158075601375,
        "f1-score": 0.8504201680672269,
        "support": 291
    },
    "1": {
        "precision": 0.7986348122866894,
        "recall": 0.841726618705036,
        "f1-score": 0.819614711033275,
        "support": 278
    },
    "2": {
        "precision": 0.6904761904761905,
        "recall": 0.6041666666666666,
        "f1-score": 0.6444444444444444,
        "support": 240
    },
    "3": {
        "precision": 0.830028328611898,
        "recall": 0.804945054945055,
        "f1-score": 0.8172942817294283,
        "support": 364
    },
    "4": {
        "precision": 0.8095238095238095,
        "recall": 0.7791666666666667,
        "f1-score": 0.7940552016985138,
        "support": 240
    },
    "5": {
        "precision": 0.7887931034482759,
        "recall": 0.7754237288135594,
        "f1-score": 0.782051282051282,
        "support": 236
    },
    "6": {
        "precision": 0.6534351145038167,
        "recall": 0.7004909983633388,
        "f1-score": 0.6761453396524486,
        "support": 611
    },
    "7": {
        "precision": 0.6901408450704225,
        "recall": 0.7519181585677749,
        "f1-score": 0.7197062423500612,
        "support": 391
    },
    "8": {
        "precision": 0.6452702702702703,
        "recall": 0.5472779369627507,
        "f1-score": 0.592248062015504,
        "support": 349
    },
    "accuracy": 0.736,
    "macro avg": {
        "precision": 0.7487265906996262,
        "recall": 0.7416146263612207,
        "f1-score": 0.7439977481157983,
        "support": 3000
    },
    "weighted avg": {
        "precision": 0.7355933775351822,
        "recall": 0.736,
        "f1-score": 0.734616270564223,
        "support": 3000
    }
}