{
    "all_accuracy": [
        0.65,
        0.67,
        0.72,
        0.665,
        0.655
    ],
    "all_macro_precision": [
        0.695955169471422,
        0.7140842607796631,
        0.7236523526344948,
        0.701279320518451,
        0.6728764445431111
    ],
    "all_macro_recall": [
        0.6483724681349972,
        0.6767936816816251,
        0.7425500531669829,
        0.6915235147993769,
        0.6761571163057005
    ],
    "all_macro_f1": [
        0.663961801902961,
        0.6892555878394798,
        0.7308796675487493,
        0.690736569305849,
        0.6705830275012665
    ],
    "mean_accuracy": 0.672,
    "std_accuracy": 0.02501999200639359,
    "mean_macro_precision": 0.7015695095894284,
    "std_macro_precision": 0.017315703628303897,
    "mean_macro_recall": 0.6870793668177365,
    "std_macro_recall": 0.031048550291251687,
    "mean_macro_f1": 0.6890833308196612,
    "std_macro_f1": 0.023336876705890287
}