{
    "all_accuracy": [
        0.6,
        0.63,
        0.695,
        0.645,
        0.72
    ],
    "all_macro_precision": [
        0.7323491375993956,
        0.7208528313791472,
        0.7479847494553378,
        0.7686019654281648,
        0.8108521108521107
    ],
    "all_macro_recall": [
        0.5899496813957804,
        0.6004301281301232,
        0.666811647179892,
        0.6428555054991836,
        0.7067775448964123
    ],
    "all_macro_f1": [
        0.6070179548120725,
        0.6243347954246798,
        0.6761645793521256,
        0.666064838749996,
        0.7077569342481671
    ],
    "mean_accuracy": 0.658,
    "std_accuracy": 0.043657759905886134,
    "mean_macro_precision": 0.7561281589428311,
    "std_macro_precision": 0.03170619015164217,
    "mean_macro_recall": 0.6413649014202782,
    "std_macro_recall": 0.04300640234033582,
    "mean_macro_f1": 0.6562678205174082,
    "std_macro_f1": 0.03629947320477806
}