{
    "all_accuracy": [
        0.555,
        0.59,
        0.63,
        0.615,
        0.64
    ],
    "all_macro_precision": [
        0.6329775332094745,
        0.5635039343372676,
        0.6813113475517568,
        0.6963470171803504,
        0.6443285782823652
    ],
    "all_macro_recall": [
        0.5863613887756767,
        0.598770731916727,
        0.668489234342893,
        0.6497508876819222,
        0.6722387315827182
    ],
    "all_macro_f1": [
        0.5530691530691532,
        0.5573984158400653,
        0.6176245538651376,
        0.623389328932442,
        0.6323765771398482
    ],
    "mean_accuracy": 0.606,
    "std_accuracy": 0.03056141357987224,
    "mean_macro_precision": 0.6436936821122429,
    "std_macro_precision": 0.04633162426589616,
    "mean_macro_recall": 0.6351221948599874,
    "std_macro_recall": 0.0357883789628117,
    "mean_macro_f1": 0.5967716057693293,
    "std_macro_f1": 0.03426722945960785
}