{
    "all_accuracy": [
        0.845,
        0.83,
        0.77,
        0.785,
        0.835
    ],
    "all_macro_precision": [
        0.8576744342190566,
        0.8290725977000487,
        0.7846253540697984,
        0.795869472932986,
        0.8276731181528781
    ],
    "all_macro_recall": [
        0.8394047619047619,
        0.8332157554379777,
        0.7641754850088183,
        0.7848691945914168,
        0.8433348030570254
    ],
    "all_macro_f1": [
        0.8444197233554802,
        0.8291040781842556,
        0.7675247671541311,
        0.7857398299008655,
        0.8316045778018776
    ],
    "mean_accuracy": 0.813,
    "std_accuracy": 0.029765752132274406,
    "mean_macro_precision": 0.8189829954149536,
    "std_macro_precision": 0.026034700630235715,
    "mean_macro_recall": 0.813,
    "std_macro_recall": 0.03225295016814277,
    "mean_macro_f1": 0.8116785952793221,
    "std_macro_f1": 0.029648115586411995
}