{
    "all_accuracy": [
        0.71,
        0.725,
        0.76,
        0.735,
        0.815
    ],
    "all_macro_precision": [
        0.734127251856537,
        0.7553853255671197,
        0.7817728199132374,
        0.7766287094547963,
        0.83114192035817
    ],
    "all_macro_recall": [
        0.74804529119376,
        0.7442607604671623,
        0.7702706542974357,
        0.7569081301839923,
        0.8330438039465233
    ],
    "all_macro_f1": [
        0.7380005085910779,
        0.7478783690576166,
        0.7672846965130986,
        0.760135853037219,
        0.8281951481185197
    ],
    "mean_accuracy": 0.749,
    "std_accuracy": 0.03679673898594819,
    "mean_macro_precision": 0.7758112054299721,
    "std_macro_precision": 0.032411312001297196,
    "mean_macro_recall": 0.7705057280177747,
    "std_macro_recall": 0.03252454584289061,
    "mean_macro_f1": 0.7682989150635064,
    "std_macro_f1": 0.03159181884298728
}