{
    "all_accuracy": [
        0.61,
        0.66,
        0.68,
        0.69,
        0.72
    ],
    "all_macro_precision": [
        0.6333323777854222,
        0.7354141988470346,
        0.743043071784458,
        0.8006161511596294,
        0.8178872053872054
    ],
    "all_macro_recall": [
        0.5830314138551411,
        0.6225326254228446,
        0.6486460277947605,
        0.6767168867743582,
        0.6978223664010038
    ],
    "all_macro_f1": [
        0.5859584210641516,
        0.6505913496894267,
        0.654329050112412,
        0.6878895055990285,
        0.697219773516045
    ],
    "mean_accuracy": 0.672,
    "std_accuracy": 0.03655133376499412,
    "mean_macro_precision": 0.7460586009927499,
    "std_macro_precision": 0.06475410844340426,
    "mean_macro_recall": 0.6457498640496216,
    "std_macro_recall": 0.04037705765966101,
    "mean_macro_f1": 0.6551976199962128,
    "std_macro_f1": 0.0391169006421718
}