{
    "all_accuracy": [
        0.76,
        0.76,
        0.705,
        0.68,
        0.755
    ],
    "all_macro_precision": [
        0.8006087446006801,
        0.8320620945620946,
        0.7837887972975692,
        0.7617631159297826,
        0.7915584913484074
    ],
    "all_macro_recall": [
        0.736137566137566,
        0.7363609641387421,
        0.6747942386831275,
        0.6529247501469722,
        0.7428130511463844
    ],
    "all_macro_f1": [
        0.7587451949455146,
        0.7603616914730108,
        0.7037232227741952,
        0.6838990816931994,
        0.7500652410982397
    ],
    "mean_accuracy": 0.732,
    "std_accuracy": 0.03325657829663178,
    "mean_macro_precision": 0.7939562487477068,
    "std_macro_precision": 0.022986236301200016,
    "mean_macro_recall": 0.7086061140505584,
    "std_macro_recall": 0.037261466167988665,
    "mean_macro_f1": 0.7313588863968319,
    "std_macro_f1": 0.03148734117322652
}