{
    "all_accuracy": [
        0.805,
        0.825,
        0.735,
        0.795,
        0.84
    ],
    "all_macro_precision": [
        0.8135389068586816,
        0.8256862829102252,
        0.7424197886238537,
        0.8165706080411963,
        0.8363058996058287
    ],
    "all_macro_recall": [
        0.7930864197530865,
        0.8322457378012934,
        0.7363830099941211,
        0.789917695473251,
        0.8447089947089946
    ],
    "all_macro_f1": [
        0.7972694786042712,
        0.8246348056024501,
        0.729268145145067,
        0.7979980251455252,
        0.8377659269533908
    ],
    "mean_accuracy": 0.7999999999999999,
    "std_accuracy": 0.03605551275463988,
    "mean_macro_precision": 0.806904297207957,
    "std_macro_precision": 0.03320519437726067,
    "mean_macro_recall": 0.7992683715461493,
    "std_macro_recall": 0.038033083722135826,
    "mean_macro_f1": 0.7973872762901408,
    "std_macro_f1": 0.03745254651269749
}