{
    "all_accuracy": [
        0.58,
        0.54,
        0.555,
        0.565,
        0.575
    ],
    "all_macro_precision": [
        0.6157574497035282,
        0.5449619078651337,
        0.5750861393881989,
        0.5546600898268814,
        0.582610621996587
    ],
    "all_macro_recall": [
        0.567399624917614,
        0.5612433026248118,
        0.573583366918102,
        0.5730841990420534,
        0.5335390946502057
    ],
    "all_macro_f1": [
        0.5825453682687777,
        0.547814180473526,
        0.5673336160712519,
        0.5609873205001644,
        0.5431744610092545
    ],
    "mean_accuracy": 0.5630000000000001,
    "std_accuracy": 0.014352700094407289,
    "mean_macro_precision": 0.5746152417560657,
    "std_macro_precision": 0.024634761715619003,
    "mean_macro_recall": 0.5617699176305574,
    "std_macro_recall": 0.014808921916048325,
    "mean_macro_f1": 0.5603709892645948,
    "std_macro_f1": 0.01409932729965543
}