{
    "all_accuracy": [
        0.695,
        0.695,
        0.7,
        0.71,
        0.675
    ],
    "all_macro_precision": [
        0.8270579275481235,
        0.8041698720955687,
        0.8208257381559995,
        0.7715521848152258,
        0.7702607873323987
    ],
    "all_macro_recall": [
        0.6488816564638918,
        0.6696191032872046,
        0.6613923343422923,
        0.6813396231978608,
        0.629129923574368
    ],
    "all_macro_f1": [
        0.6716273847240738,
        0.6903459851970648,
        0.6999359069534508,
        0.6939983356180901,
        0.6602813510166851
    ],
    "mean_accuracy": 0.695,
    "std_accuracy": 0.011401754250991351,
    "mean_macro_precision": 0.7987733019894632,
    "std_macro_precision": 0.02395581626689338,
    "mean_macro_recall": 0.6580725281731234,
    "std_macro_recall": 0.017932365736241157,
    "mean_macro_f1": 0.6832377927018729,
    "std_macro_f1": 0.014879129626531073
}