{
    "all_accuracy": [
        0.305,
        0.38,
        0.315,
        0.35,
        0.33
    ],
    "all_macro_precision": [
        0.6050510531248459,
        0.6244110043545071,
        0.5212842592640673,
        0.4869334369334369,
        0.5387951242381622
    ],
    "all_macro_recall": [
        0.3377344141303117,
        0.4126343274229398,
        0.31812907406893953,
        0.3881555935195782,
        0.33807319223985893
    ],
    "all_macro_f1": [
        0.3439007020828552,
        0.38721162003377785,
        0.3216369566938837,
        0.33734397303621466,
        0.29345164043111743
    ],
    "mean_accuracy": 0.336,
    "std_accuracy": 0.026720778431774776,
    "mean_macro_precision": 0.5552949755830039,
    "std_macro_precision": 0.05168165355512215,
    "mean_macro_recall": 0.35894532027632564,
    "std_macro_recall": 0.03546058029446866,
    "mean_macro_f1": 0.3367089784555698,
    "std_macro_f1": 0.030662694096155754
}