{
    "all_accuracy": [
        0.71,
        0.69,
        0.73,
        0.72,
        0.7
    ],
    "all_macro_precision": [
        0.7704984204044355,
        0.7069443862350041,
        0.7459495556231334,
        0.7304948051499776,
        0.7189546430488459
    ],
    "all_macro_recall": [
        0.7233760789304664,
        0.7080557843796024,
        0.7373985400793642,
        0.7410912168575003,
        0.6787257495590828
    ],
    "all_macro_f1": [
        0.7416513263185994,
        0.7021781902978611,
        0.7389166168665469,
        0.7337430464283712,
        0.6865934009793908
    ],
    "mean_accuracy": 0.71,
    "std_accuracy": 0.014142135623730963,
    "mean_macro_precision": 0.7345683620922793,
    "std_macro_precision": 0.02210867154396424,
    "mean_macro_recall": 0.7177294739612032,
    "std_macro_recall": 0.022712983635576903,
    "mean_macro_f1": 0.7206165161781539,
    "std_macro_f1": 0.02212332230184227
}