{
    "all_accuracy": [
        0.675,
        0.68,
        0.685,
        0.695,
        0.695
    ],
    "all_macro_precision": [
        0.7414309712010861,
        0.7077179797234244,
        0.7229082391038912,
        0.7155322638178621,
        0.7208972156727574
    ],
    "all_macro_recall": [
        0.6618884144734533,
        0.6852396986787945,
        0.6866875422804775,
        0.7023893837112228,
        0.6826793062904174
    ],
    "all_macro_f1": [
        0.6826291609624943,
        0.6907852748432458,
        0.6997579945711583,
        0.7067929767120869,
        0.6874364309221107
    ],
    "mean_accuracy": 0.6859999999999999,
    "std_accuracy": 0.007999999999999957,
    "mean_macro_precision": 0.7216973339038042,
    "std_macro_precision": 0.011179922665501836,
    "mean_macro_recall": 0.6837768690868731,
    "std_macro_recall": 0.01294099438955527,
    "mean_macro_f1": 0.6934803676022192,
    "std_macro_f1": 0.008696844747193372
}