{
    "all_accuracy": [
        0.69,
        0.675,
        0.675,
        0.66,
        0.65
    ],
    "all_macro_precision": [
        0.8281812939838862,
        0.7928743144767485,
        0.8144863569746199,
        0.7252875392581275,
        0.759762494668155
    ],
    "all_macro_recall": [
        0.6351218164845396,
        0.6531581979374104,
        0.6244964875326524,
        0.6326694927748567,
        0.5953850676072898
    ],
    "all_macro_f1": [
        0.6608615445080959,
        0.6740620750178323,
        0.6607739634055423,
        0.6406434935250209,
        0.6278388881870043
    ],
    "mean_accuracy": 0.67,
    "std_accuracy": 0.013784048752090203,
    "mean_macro_precision": 0.7841183998723074,
    "std_macro_precision": 0.037402400392314614,
    "mean_macro_recall": 0.6281662124673498,
    "std_macro_recall": 0.01887500801557563,
    "mean_macro_f1": 0.6528359929286992,
    "std_macro_f1": 0.01644067943532364
}