{
    "all_accuracy": [
        0.62,
        0.65,
        0.705,
        0.655,
        0.64
    ],
    "all_macro_precision": [
        0.7145633936414079,
        0.7251040534968176,
        0.773006552875834,
        0.6862841956472773,
        0.7033958276310204
    ],
    "all_macro_recall": [
        0.6036912994335197,
        0.6385725067420567,
        0.6619892722920477,
        0.6448614036736642,
        0.6165564373897707
    ],
    "all_macro_f1": [
        0.6201823622587079,
        0.6520457788050452,
        0.6870668506075231,
        0.6559313283715387,
        0.6335218328012743
    ],
    "mean_accuracy": 0.654,
    "std_accuracy": 0.02817800560721073,
    "mean_macro_precision": 0.7204708046584715,
    "std_macro_precision": 0.029246019957091307,
    "mean_macro_recall": 0.6331341839062118,
    "std_macro_recall": 0.020695044286645377,
    "mean_macro_f1": 0.6497496305688178,
    "std_macro_f1": 0.022687553290605688
}