{
    "all_accuracy": [
        0.7,
        0.695,
        0.71,
        0.7,
        0.68
    ],
    "all_macro_precision": [
        0.7538621009947175,
        0.710694539680047,
        0.7189228645750385,
        0.7073072424572372,
        0.6780473321931395
    ],
    "all_macro_recall": [
        0.6980229064286629,
        0.708633537830919,
        0.7087050681773138,
        0.7182342260407394,
        0.6618312757201646
    ],
    "all_macro_f1": [
        0.7173002181805398,
        0.7047831568671924,
        0.7101531377067264,
        0.7084120277523577,
        0.6650870273063538
    ],
    "mean_accuracy": 0.697,
    "std_accuracy": 0.009797958971132682,
    "mean_macro_precision": 0.7137668159800359,
    "std_macro_precision": 0.024336241333800294,
    "mean_macro_recall": 0.6990854028395599,
    "std_macro_recall": 0.019694573664158662,
    "mean_macro_f1": 0.701147113562634,
    "std_macro_f1": 0.018484376481710293
}